StartDate,EndDate,Status,IPAddress,Progress,Duration (in seconds),Finished,RecordedDate,ResponseId,RecipientLastName,RecipientFirstName,RecipientEmail,ExternalReference,LocationLatitude,LocationLongitude,DistributionChannel,UserLanguage,QID20,Q17_1,QID11_1,QID11_2,QID11_3,QID12_1,QID12_2,QID12_3,QID13_1,Q29_1,Q29_2,Q29_3,Q23_1,Q23_2,Q23_3,Q23_4,Q20_1,Q27_1,Q27_2,Q27_3,Q24_1,Q24_2,Q24_3,Q25,QID2,QID4,Q26,Condition
Start Date,End Date,Response Type,IP Address,Progress,Duration (in seconds),Finished,Recorded Date,Response ID,Recipient Last Name,Recipient First Name,Recipient Email,External Data Reference,Location Latitude,Location Longitude,Distribution Channel,User Language,"Click ""Agree"" to continue.","How familiar are you with the product shown? 

(Familiarity refers to how well you recognize the product, know its food group (e.g., protein, grain, etc), and understand how it’s typically prepared or consumed) - Select one","On each of the scales below, please check the option that best describes your impression of the product you just viewed. - Would you try this product based on the packaging you just saw?","On each of the scales below, please check the option that best describes your impression of the product you just viewed. - Would you buy this product if you saw it in a store, packaged as shown?","On each of the scales below, please check the option that best describes your impression of the product you just viewed. - Would you go out of your way to buy this product based on the packaging shown?","Based on the packaging you just saw, indicate how confident you feel about the following : - …being able to prepare this product at home.","Based on the packaging you just saw, indicate how confident you feel about the following : - …knowing how to start cooking this product.","Based on the packaging you just saw, indicate how confident you feel about the following : - …using this product in a simple meal.","How familiar are you with the product shown?

(Familiarity refers to how well you recognize the product, know its food group (e.g., protein, grain, etc), and understand how it’s typically prepared or consumed) - Select one","On each of the scales below, please check the option that best describes your impression of the product you just viewed. - Would you like to try this product based on the packaging you just saw?","On each of the scales below, please check the option that best describes your impression of the product you just viewed. - Would you buy this product if you saw it in a store, packaged as shown?","On each of the scales below, please check the option that best describes your impression of the product you just viewed. - Would you go out of your way to buy this product based on the packaging shown?","Based on the packaging you just saw, indicate how confident you feel about the following : - …being able to prepare this product at home.","Based on the packaging you just saw, indicate how confident you feel about the following : - …knowing how to start cooking this product.","Based on the packaging you just saw, indicate how confident you feel about the following : - ...please select ""Not at all confident"" for this statement","Based on the packaging you just saw, indicate how confident you feel about the following : - …using this product in a simple meal.","How familiar are you with the product shown?

(Familiarity refers to how well you recognize the product, know its food group (e.g., protein, grain, etc), and understand how it’s typically prepared or consumed) - Select one","On each of the scales below, please check the option that best describes your impression of the product you just viewed. - Would you like to try this product based on the packaging you just saw?","On each of the scales below, please check the option that best describes your impression of the product you just viewed. - Would you buy this product if you saw it in a store, packaged as shown?","On each of the scales below, please check the option that best describes your impression of the product you just viewed. - Would you go out of your way to buy this product based on the packaging shown?","Based on the packaging you just saw, indicate how confident you feel about the following : - …being able to prepare this product at home.","Based on the packaging you just saw, indicate how confident you feel about the following : - …knowing how to start cooking this product.","Based on the packaging you just saw, indicate how confident you feel about the following : - …using this product in a simple meal.","During the past seven days, how many times did you cook food for dinner at home?",What is your age?,What is your gender ?,What is the highest level of education you have completed?,Condition
"{""ImportId"":""startDate"",""timeZone"":""America/Denver""}","{""ImportId"":""endDate"",""timeZone"":""America/Denver""}","{""ImportId"":""status""}","{""ImportId"":""ipAddress""}","{""ImportId"":""progress""}","{""ImportId"":""duration""}","{""ImportId"":""finished""}","{""ImportId"":""recordedDate"",""timeZone"":""America/Denver""}","{""ImportId"":""_recordId""}","{""ImportId"":""recipientLastName""}","{""ImportId"":""recipientFirstName""}","{""ImportId"":""recipientEmail""}","{""ImportId"":""externalDataReference""}","{""ImportId"":""locationLatitude""}","{""ImportId"":""locationLongitude""}","{""ImportId"":""distributionChannel""}","{""ImportId"":""userLanguage""}","{""ImportId"":""QID20""}","{""ImportId"":""QID25_1""}","{""ImportId"":""QID11_1""}","{""ImportId"":""QID11_2""}","{""ImportId"":""QID11_3""}","{""ImportId"":""QID12_1""}","{""ImportId"":""QID12_2""}","{""ImportId"":""QID12_3""}","{""ImportId"":""QID13_1""}","{""ImportId"":""QID29_1""}","{""ImportId"":""QID29_2""}","{""ImportId"":""QID29_3""}","{""ImportId"":""QID31_1""}","{""ImportId"":""QID31_2""}","{""ImportId"":""QID31_3""}","{""ImportId"":""QID31_4""}","{""ImportId"":""QID28_1""}","{""ImportId"":""QID35_1""}","{""ImportId"":""QID35_2""}","{""ImportId"":""QID35_3""}","{""ImportId"":""QID32_1""}","{""ImportId"":""QID32_2""}","{""ImportId"":""QID32_3""}","{""ImportId"":""QID33""}","{""ImportId"":""QID2_TEXT""}","{""ImportId"":""QID4""}","{""ImportId"":""QID34""}","{""ImportId"":""Condition""}"
2025-04-20 05:48:32,2025-04-20 05:49:57,1,,100,84,1,2025-04-20 05:49:58,R_2QugBLFmbnnOPU7,,,,,51.9381,4.5445,preview,EN,1,3,4,4,4,3,3,3,4,4,4,4,3,3,3,3,4,4,4,4,5,5,5,3,23,2,3,B
2025-04-20 06:09:51,2025-04-20 06:11:18,1,,100,87,1,2025-04-20 06:11:19,R_8j6Kp9p3qvGsKoF,,,,,51.9381,4.5445,preview,EN,1,1,5,4,5,4,4,4,5,5,4,4,4,4,1,4,5,7,7,7,5,5,5,3,909,1,1,B
2025-04-20 07:22:28,2025-04-20 07:28:07,1,,100,339,1,2025-04-20 07:28:08,R_2BrgoykHparGNsi,,,,,51.9381,4.5445,preview,EN,1,5,5,5,5,4,4,4,5,7,7,7,5,5,5,5,5,6,6,6,5,5,5,2,21,3,1,A
2025-04-20 07:28:13,2025-04-20 07:30:13,1,,100,120,1,2025-04-20 07:30:14,R_2nJKO6mgWGe9oNt,,,,,51.9381,4.5445,preview,EN,1,3,2,2,1,5,5,5,2,5,5,4,1,1,1,5,4,5,5,5,4,4,4,1,21,3,2,B
2025-04-20 07:51:57,2025-04-20 07:53:20,1,,100,83,1,2025-04-20 07:53:21,R_89wT9K2MXIjFi8N,,,,,51.9381,4.5445,preview,EN,1,5,7,7,7,3,3,3,5,5,4,4,1,1,1,1,5,3,3,3,3,3,3,2,435,2,3,A
2025-04-20 07:58:00,2025-04-20 08:00:46,0,62.195.16.130,100,165,1,2025-04-20 08:00:47,R_21Ej7tyZh8cuuJJ,,,,,51.9381,4.5445,anonymous,EN,1,1,2,3,2,3,1,1,2,5,2,2,1,1,1,2,2,1,1,1,1,1,2,3,23,1,4,B
2025-04-20 08:15:36,2025-04-20 08:20:10,0,217.121.187.236,100,273,1,2025-04-20 08:20:10,R_2Qy8J71886LgZNf,,,,,52.04,4.6384,anonymous,EN,1,4,5,6,5,3,3,4,4,6,6,5,2,2,1,3,4,6,5,6,3,3,4,2,23,1,3,B
2025-04-20 08:18:08,2025-04-20 08:22:39,0,217.121.187.236,100,270,1,2025-04-20 08:22:39,R_8xXiuYT9v3pDn2Q,,,,,52.04,4.6384,anonymous,EN,1,3,4,4,3,5,5,3,2,2,2,1,3,4,1,1,1,5,5,3,3,4,3,1,25,1,4,A
2025-04-20 08:22:41,2025-04-20 08:26:33,0,62.198.69.24,100,232,1,2025-04-20 08:26:34,R_8B1EiIRd8tYn0Up,,,,,55.6894,12.4578,anonymous,EN,1,4,3,3,2,1,1,1,5,6,6,3,3,3,1,3,4,6,6,5,4,4,4,2,24,2,4,B
2025-04-20 08:23:58,2025-04-20 08:28:23,0,213.93.14.140,100,264,1,2025-04-20 08:28:23,R_2lL0kAhFvqbTslj,,,,,51.9281,4.5052,anonymous,EN,1,5,2,6,2,5,5,5,2,4,3,2,1,1,1,1,1,1,1,1,1,1,1,2,24,2,3,B
2025-04-20 08:24:29,2025-04-20 08:28:41,0,62.198.69.24,100,251,1,2025-04-20 08:28:42,R_8DYhlgufq3nq2SR,,,,,55.6894,12.4578,anonymous,EN,1,2,1,1,1,3,1,4,3,2,1,1,2,2,1,3,2,1,1,1,2,3,3,1,21,1,3,B
2025-04-20 09:04:06,2025-04-20 09:07:02,0,77.169.192.107,100,175,1,2025-04-20 09:07:02,R_2H8lC2QGdoBthM5,,,,,51.9112,4.4481,anonymous,EN,1,3,5,5,2,5,5,5,3,2,3,2,5,5,1,5,1,5,5,2,3,3,3,2,24,2,4,A
2025-04-20 09:05:01,2025-04-20 09:07:09,0,213.143.48.19,100,127,1,2025-04-20 09:07:09,R_3Ok3cyr73WHjCh2,,,,,41.4231,2.188,anonymous,EN,1,5,6,6,6,5,5,5,5,7,7,7,5,5,5,5,3,5,5,6,3,3,3,3,22,2,3,B
2025-04-20 08:55:02,2025-04-20 09:11:43,0,200.68.183.7,100,1001,1,2025-04-20 09:11:44,R_7ergwR0YEqjUSgq,,,,,19.4453,-99.1474,anonymous,EN,1,2,6,4,6,3,3,4,2,6,2,2,3,2,2,3,4,6,5,6,3,2,4,1,35,2,4,A
2025-04-20 09:07:08,2025-04-20 09:12:24,0,145.127.59.102,100,315,1,2025-04-20 09:12:25,R_8upppZKtBI0019v,,,,,50.853,5.6517,anonymous,EN,1,5,2,2,2,4,3,3,3,4,3,2,3,2,1,3,2,2,2,3,3,1,2,3,19,2,2,B
2025-04-20 09:12:35,2025-04-20 09:16:18,0,200.68.173.60,100,223,1,2025-04-20 09:16:18,R_3G9G6RmhtdIn0GZ,,,,,19.4163,-99.1838,anonymous,EN,1,2,3,3,3,2,2,2,4,7,7,7,3,3,1,5,4,7,7,7,5,4,4,2,25,2,3,A
2025-04-20 09:16:27,2025-04-20 09:19:04,0,45.84.40.171,100,156,1,2025-04-20 09:19:04,R_8PuJ9amG6suYAVE,,,,,51.5651,5.056,anonymous,EN,1,4,4,4,2,3,3,3,4,5,5,3,3,3,1,3,4,6,5,4,3,3,3,2,24,2,2,A
2025-04-20 09:17:34,2025-04-20 09:20:22,0,62.19.2.220,100,168,1,2025-04-20 09:20:22,R_3OVj53J0rbH3RLC,,,,,43.1479,12.1097,anonymous,EN,1,4,2,2,2,4,3,2,1,5,5,6,2,2,4,4,5,5,6,5,4,5,4,2,23,1,3,A
2025-04-20 09:23:58,2025-04-20 09:28:54,0,189.131.123.194,100,296,1,2025-04-20 09:28:55,R_1X9ayj7jQi8s4j7,,,,,19.3203,-99.2583,anonymous,EN,1,2,6,6,3,4,3,4,2,3,4,1,4,4,1,4,2,4,4,2,2,2,1,1,25,1,3,A
2025-04-20 09:42:23,2025-04-20 09:46:12,0,189.229.145.13,100,228,1,2025-04-20 09:46:12,R_5XVQATF49NHDeQF,,,,,19.4372,-99.0369,anonymous,EN,1,3,6,6,6,2,3,3,5,7,7,7,3,3,3,3,2,6,6,6,3,3,3,3,23,2,3,A
2025-04-20 09:43:18,2025-04-20 09:47:12,0,90.131.41.146,100,233,1,2025-04-20 09:47:12,R_8WDAWLxJcG613Rs,,,,,54.6876,25.2806,anonymous,EN,1,3,6,6,4,2,2,2,4,6,6,4,3,3,1,3,3,2,2,2,3,2,3,3,22,2,3,B
2025-04-20 09:43:37,2025-04-20 09:48:18,0,189.203.105.179,100,281,1,2025-04-20 09:48:19,R_7eNhptCI4h3QKPf,,,,,19.4096,-99.0784,anonymous,EN,1,1,3,3,4,2,1,1,4,6,6,6,5,4,1,4,5,5,5,5,3,3,4,1,37,1,4,A
2025-04-20 09:47:02,2025-04-20 09:49:52,0,84.241.203.242,100,170,1,2025-04-20 09:49:52,R_2OMMrBZw8TEV4zI,,,,,51.8943,4.5082,anonymous,EN,1,2,5,5,3,3,2,3,4,6,6,5,4,4,1,4,4,6,6,3,3,3,4,2,26,2,4,A
2025-04-20 09:58:11,2025-04-20 10:03:42,0,200.68.169.202,100,331,1,2025-04-20 10:03:43,R_6LOoQxQMrHOPY7l,,,,,19.0206,-98.2594,anonymous,EN,1,5,2,2,4,2,1,3,5,4,6,4,3,3,1,3,5,4,4,4,2,2,3,2,24,2,3,B
2025-04-20 10:07:42,2025-04-20 10:11:37,0,201.124.244.239,100,234,1,2025-04-20 10:11:38,R_1JLOtwDgWME2lGT,,,,,19.4491,-99.1574,anonymous,EN,1,3,2,1,1,5,4,5,3,3,2,1,3,4,1,3,4,5,6,3,4,4,4,2,25,1,2,A
2025-04-20 10:07:38,2025-04-20 10:12:29,0,31.161.144.255,100,291,1,2025-04-20 10:12:30,R_27vPpzgmmrsxXfH,,,,,51.966,4.5449,anonymous,EN,1,5,2,2,2,4,4,4,3,2,2,1,1,1,1,1,2,2,2,2,3,3,2,2,25,2,3,A
2025-04-20 10:32:38,2025-04-20 10:36:42,0,93.21.246.117,100,243,1,2025-04-20 10:36:42,R_3YrxOoICvkBCYy5,,,,,45.1769,5.7204,anonymous,EN,1,3,2,3,2,4,4,4,2,4,4,4,4,4,4,4,3,2,2,2,3,3,3,1,24,2,4,A
2025-04-20 10:35:39,2025-04-20 10:38:44,0,193.11.161.183,100,185,1,2025-04-20 10:38:45,R_1HnNfxJoOupUW9q,,,,,58.3937,13.8463,anonymous,EN,1,2,5,3,1,3,2,3,4,7,6,1,5,5,1,5,2,4,5,1,3,4,3,3,24,2,3,B
2025-04-20 10:52:52,2025-04-20 10:55:34,0,187.191.39.173,100,161,1,2025-04-20 10:55:34,R_6xnVHMB6xTXWuAx,,,,,19.3787,-99.1622,anonymous,EN,1,3,2,2,1,3,2,2,5,7,7,4,4,4,1,3,3,5,5,5,3,3,3,2,24,2,3,B
2025-04-20 11:05:42,2025-04-20 11:08:13,0,80.57.156.143,100,151,1,2025-04-20 11:08:14,R_1fVMZiUuhiHnCFj,,,,,51.9617,4.5476,anonymous,EN,1,2,6,6,4,4,3,3,3,6,6,6,3,3,1,3,3,5,6,6,2,2,2,2,23,2,4,A
2025-04-20 11:18:49,2025-04-20 11:25:55,0,189.203.252.136,100,426,1,2025-04-20 11:25:56,R_1xW9NKWGmgmDHW5,,,,,19.4453,-99.1474,anonymous,EN,1,3,4,6,5,4,3,4,4,6,7,5,5,5,1,5,4,7,6,4,2,2,2,1,25,1,3,A
2025-04-20 11:35:44,2025-04-20 11:38:10,0,217.121.187.236,100,146,1,2025-04-20 11:38:11,R_8I4V2z0cVPNNxAs,,,,,52.04,4.6384,anonymous,EN,1,2,2,1,4,2,2,2,1,2,1,1,3,3,1,2,1,4,3,2,2,2,3,1,25,1,4,B
2025-04-20 11:32:10,2025-04-20 11:39:20,0,177.240.136.248,100,429,1,2025-04-20 11:39:20,R_6WxtknApjVKKJjQ,,,,,19.7397,-101.2233,anonymous,EN,1,2,4,4,5,3,2,2,4,4,4,5,5,4,1,3,5,4,5,5,5,4,5,2,25,2,3,A
2025-04-20 12:37:19,2025-04-20 12:41:03,0,189.217.87.6,100,224,1,2025-04-20 12:41:03,R_5DUwPVWHhqu5vIy,,,,,19.418,-99.1395,anonymous,EN,1,2,5,6,5,3,3,3,5,7,7,7,4,5,1,5,5,3,3,3,4,4,4,3,24,2,3,B
2025-04-20 12:44:00,2025-04-20 12:46:42,0,189.217.192.202,100,161,1,2025-04-20 12:46:43,R_1IXzsCdykV7I8JB,,,,,19.2709,-99.1051,anonymous,EN,1,3,4,3,2,2,3,3,4,6,6,6,3,3,3,4,4,7,7,7,4,4,4,2,22,1,2,B
2025-04-20 13:26:32,2025-04-20 13:30:06,0,189.149.5.189,100,213,1,2025-04-20 13:30:06,R_3DcMKL2ylpB34Vm,,,,,19.3451,-98.7756,anonymous,EN,1,2,2,2,1,1,1,1,3,6,7,4,4,3,1,4,5,4,5,4,3,3,4,1,26,2,3,B
2025-04-20 13:47:38,2025-04-20 14:02:56,0,50.170.212.226,100,917,1,2025-04-20 14:02:56,R_5KqDuKIeejjZdKN,,,,,41.4567,-70.5625,anonymous,EN,1,3,5,2,5,4,3,2,4,6,7,7,5,5,1,5,4,5,6,6,4,4,4,3,54,2,2,A
2025-04-20 13:55:42,2025-04-20 14:12:20,0,189.149.54.150,100,998,1,2025-04-20 14:12:21,R_1wHzjcEEvSOesPn,,,,,19.3632,-99.2371,anonymous,EN,1,1,2,5,1,2,1,1,2,6,6,1,2,2,1,1,1,1,5,1,4,4,4,1,"69 años ",1,1,B
2025-04-20 14:24:41,2025-04-20 14:26:41,0,83.27.69.237,100,120,1,2025-04-20 14:26:42,R_5L1lGIptwL5zlPp,,,,,50.0695,19.9419,anonymous,EN,1,4,3,3,2,4,4,4,2,2,2,2,3,2,1,3,4,1,1,1,2,2,1,3,24,1,2,B
2025-04-20 17:27:10,2025-04-20 17:34:04,0,189.131.51.150,100,413,1,2025-04-20 17:34:04,R_5qUlVE97nZ8bVTJ,,,,,19.3529,-99.225,anonymous,EN,1,4,2,2,2,2,2,2,3,6,6,4,3,3,1,3,4,3,4,4,3,3,3,2,59,1,2,B
2025-04-20 17:14:50,2025-04-20 17:35:57,0,92.97.111.149,100,1267,1,2025-04-20 17:35:58,R_2LCE7dEZNEBdVU7,,,,,51.5081,-0.1278,anonymous,EN,1,3,7,5,5,2,2,3,2,3,3,2,3,2,1,2,4,5,4,4,1,1,2,1,22,1,2,A
2025-04-20 17:32:25,2025-04-20 17:54:28,0,189.216.168.92,100,1322,1,2025-04-20 17:54:28,R_6oAdHItqPycXl3F,,,,,19.4055,-99.1898,anonymous,EN,1,1,7,7,6,4,3,4,4,7,7,6,4,4,1,3,4,7,7,6,4,4,4,2,62,2,1,A
2025-04-20 17:49:57,2025-04-20 17:56:23,0,147.81.4.25,100,385,1,2025-04-20 17:56:24,R_1JVYdvReVnetn2c,,,,,19.706,-155.0928,anonymous,EN,1,4,6,6,4,5,4,4,4,7,6,4,5,3,1,3,5,5,5,4,3,3,3,3,55,2,3,B
2025-04-20 18:15:47,2025-04-20 18:18:41,0,189.180.146.227,100,173,1,2025-04-20 18:18:42,R_6rth1MHyms5u9oZ,,,,,20.3874,-100.0757,anonymous,EN,1,2,5,5,3,3,3,3,2,5,5,5,3,3,3,3,4,6,6,5,3,3,3,3,25,1,3,A
2025-04-20 18:11:27,2025-04-20 18:28:23,0,187.168.28.187,100,1015,1,2025-04-20 18:28:24,R_5LASdtyIyR68vw8,,,,,19.3239,-99.1754,anonymous,EN,1,1,7,7,7,3,3,3,4,7,7,2,4,5,1,3,5,7,7,2,5,4,4,2,50,1,5,A
2025-04-20 17:29:06,2025-04-20 18:28:45,0,187.168.28.187,100,3579,1,2025-04-20 18:28:45,R_5AaMiLtKEmiffyN,,,,,19.3239,-99.1754,anonymous,EN,1,1,7,7,7,5,5,3,4,7,7,1,5,5,1,3,5,7,7,2,5,5,4,2,47,2,3,A
2025-04-20 18:19:37,2025-04-20 18:29:54,0,201.137.219.93,100,616,1,2025-04-20 18:29:54,R_5i2SspGRPIa2ma7,,,,,19.3787,-99.1622,anonymous,EN,1,5,6,5,5,3,3,3,4,6,6,6,4,4,4,3,5,6,6,6,4,4,4,1,51,1,1,B
2025-04-20 19:34:41,2025-04-20 19:39:43,0,113.211.139.76,100,302,1,2025-04-20 19:39:44,R_9vFX5nPZ2waxyqB,,,,,3.1071,101.6139,anonymous,EN,1,4,5,5,3,3,3,3,3,5,5,4,4,4,1,4,4,5,5,4,3,3,3,2,22,1,3,A
2025-04-20 19:37:23,2025-04-20 19:40:38,0,113.211.127.203,100,194,1,2025-04-20 19:40:38,R_410GlBaQWbeffHe,,,,,3.0947,101.6799,anonymous,EN,1,5,6,3,2,3,3,4,5,3,2,2,4,4,1,4,5,7,2,2,4,4,3,1,21,2,3,A
2025-04-21 01:36:01,2025-04-21 01:40:00,0,104.28.30.74,100,239,1,2025-04-21 01:40:00,R_21HVW8BSWv5E9i3,,,,,52.3744,4.9388,anonymous,EN,1,3,5,2,2,4,3,4,4,6,6,5,4,4,1,4,1,6,5,4,3,4,4,2,28,1,4,A
2025-04-21 03:00:29,2025-04-21 03:02:36,0,104.28.30.79,100,127,1,2025-04-21 03:02:37,R_8F3RRnwk7shlTiX,,,,,52.3429,4.8966,anonymous,EN,1,2,3,3,2,1,1,1,4,6,6,7,4,4,4,2,1,1,1,1,2,2,2,2,24,2,3,B
2025-04-21 05:59:45,2025-04-21 06:03:39,0,82.47.70.181,100,233,1,2025-04-21 06:03:40,R_2ouo6fMW2NWmuqf,,,,,54.8706,-2.946,anonymous,EN,1,2,2,1,1,1,2,1,5,5,6,2,3,3,1,2,1,1,1,1,1,1,1,1,18,2,2,B
2025-04-21 06:02:29,2025-04-21 06:06:51,0,49.185.96.241,100,262,1,2025-04-21 06:06:52,R_9Km9kx3wXdPPwlv,,,,,-37.821,145.1535,anonymous,EN,1,4,5,5,5,3,4,4,3,5,5,6,3,3,1,3,1,5,3,5,1,1,1,3,28,1,4,B
2025-04-21 06:06:30,2025-04-21 06:09:01,0,178.239.64.168,100,151,1,2025-04-21 06:09:02,R_8RWv5djKSEGG8zD,,,,,48.7632,11.4142,anonymous,EN,1,5,6,7,1,5,5,5,5,7,7,3,5,5,1,5,5,5,4,1,4,5,5,3,22,1,3,A
2025-04-21 06:10:26,2025-04-21 06:13:23,0,86.184.216.73,100,176,1,2025-04-21 06:13:23,R_8fkLF71fo2uQY91,,,,,57.1386,-2.1761,anonymous,EN,1,4,2,2,1,3,2,3,1,4,3,2,3,1,1,1,5,6,5,5,4,4,4,1,26,1,3,A
2025-04-21 06:21:45,2025-04-21 06:23:18,0,122.164.85.189,100,92,1,2025-04-21 06:23:18,R_9hlisgnlC4jwhxg,,,,,13.0895,80.2739,anonymous,EN,1,4,5,4,6,5,2,3,3,7,7,7,5,5,5,5,5,6,7,6,5,5,5,1,21,3,2,B
2025-04-21 06:32:41,2025-04-21 06:34:10,0,78.182.132.226,100,89,1,2025-04-21 06:34:11,R_7yij8pX6SNOZ4AN,,,,,41.0329,28.9529,anonymous,EN,1,5,4,1,4,3,1,1,4,4,7,7,3,5,3,5,4,7,7,7,5,5,5,2,21,1,3,B
2025-04-21 06:34:38,2025-04-21 06:36:28,0,86.21.116.130,100,109,1,2025-04-21 06:36:28,R_8MV3XIimvufAwdr,,,,,53.4146,-2.2274,anonymous,EN,1,2,5,2,2,4,4,4,5,7,7,7,5,5,1,5,5,7,6,6,5,5,5,3,20,2,2,A
2025-04-21 06:35:13,2025-04-21 06:36:56,0,85.76.147.12,100,102,1,2025-04-21 06:36:56,R_27CfsuTHhcrNTQd,,,,,60.2404,25.0795,anonymous,EN,1,4,2,2,2,3,3,4,4,3,4,3,3,4,2,1,2,2,1,2,2,2,1,2,15,2,1,B
2025-04-21 06:42:50,2025-04-21 06:45:34,0,217.155.200.43,100,163,1,2025-04-21 06:45:34,R_8JrqbFDBy1hyywI,,,,,52.4099,-1.8141,anonymous,EN,1,3,3,4,1,3,1,2,4,2,5,1,3,2,1,3,3,2,2,1,1,1,1,1,16,2,2,B
2025-04-21 07:28:41,2025-04-21 07:32:28,0,92.184.117.144,100,227,1,2025-04-21 07:32:29,R_6GJNlkMCWKVcS68,,,,,48.8558,2.3494,anonymous,EN,1,1,4,3,5,4,2,3,3,6,6,5,4,3,1,2,5,2,2,1,5,3,4,1,"18 ",2,2,B
2025-04-21 07:30:22,2025-04-21 07:32:56,0,62.45.86.82,100,153,1,2025-04-21 07:32:56,R_87yupfdKQBIpgzW,,,,,51.9172,4.5945,anonymous,EN,1,3,3,3,3,4,4,4,3,3,3,3,4,4,4,4,4,5,5,5,4,4,4,1,27,2,3,A
2025-04-21 07:29:21,2025-04-21 07:33:04,0,210.10.76.118,100,223,1,2025-04-21 07:33:05,R_94GneoN6C4jKLqp,,,,,1.3732,103.8431,anonymous,EN,1,5,3,4,3,4,3,4,5,7,6,5,4,3,1,3,2,5,5,3,2,2,3,1,16,1,2,B
2025-04-21 07:39:51,2025-04-21 07:43:44,0,199.21.141.139,100,233,1,2025-04-21 07:43:45,R_7WGxmDJm7yjrVxT,,,,,44.0356,-72.2793,anonymous,EN,1,5,6,7,4,5,5,5,5,4,5,3,3,3,1,3,5,6,7,5,3,4,3,2,31,2,1,B
2025-04-21 07:48:24,2025-04-21 07:50:31,0,80.28.37.2,100,127,1,2025-04-21 07:50:32,R_3fthBeIywySBSfv,,,,,40.4252,-3.6927,anonymous,EN,1,4,4,4,2,1,1,1,4,5,3,3,4,3,1,3,2,5,5,2,2,2,2,2,21,2,3,B
2025-04-21 07:54:22,2025-04-21 07:57:17,0,212.20.115.49,100,175,1,2025-04-21 07:57:18,R_1ZJmZ1O4iPwbkVZ,,,,,50.0687,14.3947,anonymous,EN,1,4,6,6,4,3,3,3,4,6,6,5,5,5,1,5,2,5,5,1,2,2,2,2,21,2,2,A
2025-04-21 08:01:41,2025-04-21 08:04:31,0,94.191.140.65,100,169,1,2025-04-21 08:04:31,R_67Q1VzbACwSn6zm,,,,,59.3098,17.9796,anonymous,EN,1,4,2,3,1,4,4,4,2,6,6,2,1,1,1,3,3,5,3,1,3,2,2,2,27,2,3,B
2025-04-21 08:04:31,2025-04-21 08:06:52,0,5.183.135.26,100,141,1,2025-04-21 08:06:53,R_88Zet7iTMBhv721,,,,,52.3766,4.835,anonymous,EN,1,5,7,7,7,5,5,5,5,7,7,7,5,5,1,5,5,5,5,5,2,2,2,3,23,2,3,A
2025-04-21 08:16:38,2025-04-21 08:19:22,0,78.92.129.11,100,163,1,2025-04-21 08:19:22,R_7aEtXqzmuCoRjQY,,,,,47.5,19.0412,anonymous,EN,1,4,4,3,2,2,1,1,4,5,5,4,3,4,1,3,4,4,4,4,4,3,4,3,22,2,3,B
2025-04-21 08:24:48,2025-04-21 08:27:49,0,76.32.107.80,100,180,1,2025-04-21 08:27:49,R_7P8tcj2Gd9Q49K9,,,,,34.0141,-118.3983,anonymous,EN,1,5,4,6,5,5,5,5,5,6,6,3,5,5,1,4,5,6,6,3,5,5,5,2,27,2,3,A
2025-04-21 08:45:31,2025-04-21 08:47:49,0,193.237.248.155,100,137,1,2025-04-21 08:47:50,R_2DY1l3cFXz2t9wD,,,,,53.4096,-2.9792,anonymous,EN,1,3,5,5,4,3,3,4,4,5,6,6,2,3,1,3,3,6,4,5,5,4,4,2,21,2,3,A
2025-04-21 08:46:00,2025-04-21 08:48:42,0,193.179.60.213,100,162,1,2025-04-21 08:48:43,R_3kY67Yywv8R43OI,,,,,50.0687,14.3947,anonymous,EN,1,2,4,4,2,3,4,4,2,4,4,2,4,4,1,3,2,4,4,2,3,4,4,2,19,1,2,A
2025-04-21 08:46:46,2025-04-21 08:49:50,0,153.33.154.25,100,183,1,2025-04-21 08:49:50,R_5IcVZHxBQiQai0p,,,,,33.5982,-101.8758,anonymous,EN,1,4,4,5,2,3,2,4,3,4,5,4,4,4,1,4,3,2,2,2,3,2,2,2,23,2,4,A
2025-04-21 08:54:24,2025-04-21 08:57:12,0,104.28.85.109,100,168,1,2025-04-21 08:57:13,R_1FOUw325ROHN5sd,,,,,34.074,-118.2611,anonymous,EN,1,5,3,3,2,4,4,3,2,2,2,1,3,2,1,1,2,2,2,1,3,3,2,1,24,1,3,A
2025-04-21 09:05:22,2025-04-21 09:08:20,0,223.229.217.21,100,178,1,2025-04-21 09:08:21,R_9sWNCrU7mVdQZpW,,,,,26.2331,78.1692,anonymous,EN,1,3,6,6,5,3,3,3,4,7,6,6,4,3,1,4,5,4,3,3,2,1,1,1,23,1,3,B
2025-04-21 09:10:02,2025-04-21 09:15:01,0,174.228.97.231,100,298,1,2025-04-21 09:15:01,R_51azZgtJ3gvk4Ok,,,,,41.8783,-87.6907,anonymous,EN,1,3,6,6,2,3,3,3,4,6,6,4,3,3,1,4,1,3,3,1,1,1,1,2,27,2,4,B
2025-04-21 09:13:57,2025-04-21 09:17:17,0,132.178.238.28,100,200,1,2025-04-21 09:17:17,R_5qIgkfl8QzDh4WI,,,,,43.5885,-116.1918,anonymous,EN,1,3,6,6,4,4,4,5,4,4,4,4,4,4,1,2,1,5,5,4,2,2,2,2,22,2,3,A
2025-04-21 09:12:56,2025-04-21 09:17:24,0,187.190.206.215,100,268,1,2025-04-21 09:17:25,R_6oXsYldpAfxiVIc,,,,,19.42,-99.1663,anonymous,EN,1,3,5,5,5,2,1,1,5,7,7,7,5,5,1,5,4,6,6,5,3,3,3,1,25,2,3,B
2025-04-21 09:39:00,2025-04-21 09:41:53,0,223.190.83.26,100,172,1,2025-04-21 09:41:53,R_4HPQdU3c8DiAll7,,,,,28.4597,77.0282,anonymous,EN,1,2,6,5,4,3,2,4,2,2,3,3,2,2,1,2,5,2,1,1,3,3,3,1,21,1,3,B
2025-04-21 09:56:45,2025-04-21 10:00:54,0,99.64.101.100,100,248,1,2025-04-21 10:00:55,R_6OL2KMzxr2beAYV,,,,,30.5875,-97.8535,anonymous,EN,1,4,5,5,2,3,2,4,4,4,2,4,2,1,1,2,4,6,7,6,3,4,5,3,49,2,3,A
2025-04-21 10:07:25,2025-04-21 10:10:03,0,136.33.173.187,100,158,1,2025-04-21 10:10:04,R_12sK9LRRywjRwHv,,,,,39.1472,-94.7874,anonymous,EN,1,3,2,2,2,1,1,1,2,2,2,2,1,1,1,1,2,2,2,2,1,1,1,2,41,1,3,A
2025-04-21 10:21:14,2025-04-21 10:24:05,0,87.92.127.95,100,171,1,2025-04-21 10:24:05,R_55OaPhxubRnApYR,,,,,60.2007,24.8913,anonymous,EN,1,5,4,3,1,5,5,5,5,7,7,5,5,5,1,5,4,5,3,2,4,4,2,2,24,2,3,B
2025-04-21 10:47:54,2025-04-21 10:57:57,0,87.3.231.25,100,603,1,2025-04-21 10:57:58,R_7Cf9qCGrmtR0NIw,,,,,41.8905,12.5127,anonymous,EN,1,3,6,6,6,3,3,3,2,5,5,5,2,2,1,2,4,5,5,5,4,4,4,3,26,2,3,B
2025-04-21 10:55:42,2025-04-21 10:58:41,0,93.199.255.210,100,178,1,2025-04-21 10:58:41,R_5pJ4xfmsAXCYc9j,,,,,51.3748,6.5127,anonymous,EN,1,1,2,2,1,1,1,1,1,1,1,1,3,3,1,2,1,1,1,1,2,1,1,1,19,3,2,A
2025-04-21 11:04:51,2025-04-21 11:07:25,0,46.233.88.141,100,154,1,2025-04-21 11:07:26,R_2EdhbYQ9HvuQA1E,,,,,51.4933,-0.1141,anonymous,EN,1,5,7,7,3,4,4,4,5,7,7,5,5,5,1,5,1,2,2,1,1,1,1,2,20,2,2,B
2025-04-21 11:20:14,2025-04-21 11:22:28,0,24.191.245.217,100,133,1,2025-04-21 11:22:28,R_5AuChD87gPriyjL,,,,,41.7209,-73.9601,anonymous,EN,1,4,4,4,2,3,3,3,2,4,3,2,2,1,1,1,3,1,1,1,1,1,1,3,27,2,2,B
2025-04-21 11:39:45,2025-04-21 11:44:08,0,64.136.145.76,100,263,1,2025-04-21 11:44:09,R_69h8dseYITwdHSu,,,,,34.0322,-118.2836,anonymous,EN,1,4,6,6,2,4,4,4,3,5,4,2,4,4,1,4,1,3,5,2,3,5,2,1,23,2,3,A
2025-04-21 11:43:14,2025-04-21 11:45:42,0,89.165.226.156,100,147,1,2025-04-21 11:45:42,R_8l3fe7loOMsKC0F,,,,,44.4865,26.1738,anonymous,EN,1,3,4,5,3,2,4,3,4,7,6,6,4,4,1,4,3,6,6,6,4,4,4,3,22,2,3,A
2025-04-21 11:53:44,2025-04-21 11:57:33,0,156.146.54.59,100,229,1,2025-04-21 11:57:34,R_5PM5KwMOYQ1zjeR,,,,,37.3388,-121.8916,anonymous,EN,1,4,2,2,2,4,4,4,1,2,2,2,1,1,1,1,1,2,2,2,3,3,3,1,55,1,1,B
2025-04-21 12:01:44,2025-04-21 12:03:54,0,107.143.27.234,100,129,1,2025-04-21 12:03:55,R_133kmQC4lpY9ufu,,,,,29.9353,-90.074,anonymous,EN,1,5,6,6,2,5,5,5,3,2,2,1,3,4,1,3,5,2,2,1,5,5,5,3,39,1,5,A
2025-04-21 12:04:47,2025-04-21 12:08:12,0,24.88.30.115,100,204,1,2025-04-21 12:08:12,R_7YwUkNuUU0MFzr2,,,,,35.3084,-81.0256,anonymous,EN,1,2,5,4,2,3,1,2,1,2,2,1,2,1,1,3,1,1,1,1,1,1,1,2,18,2,2,B
2025-04-21 12:11:40,2025-04-21 12:13:32,0,208.98.222.28,100,112,1,2025-04-21 12:13:32,R_7eKb4f3Rr7gREDU,,,,,43.64,-79.433,anonymous,EN,1,5,6,7,4,5,5,5,2,5,5,4,4,4,1,4,4,5,3,3,5,5,5,2,22,2,3,A
2025-04-21 12:44:19,2025-04-21 12:47:28,0,142.165.85.167,100,189,1,2025-04-21 12:47:29,R_6dSvEDG6H6XhkOj,,,,,50.5012,-104.6713,anonymous,EN,1,2,5,5,3,4,3,4,1,5,6,4,3,3,1,2,3,5,6,4,3,3,2,2,23,1,2,A
2025-04-21 13:44:24,2025-04-21 13:54:09,0,189.203.105.221,100,584,1,2025-04-21 13:54:09,R_5Bad7axNPpkwHHr,,,,,19.4096,-99.0784,anonymous,EN,1,2,3,5,4,2,2,3,3,5,6,5,4,4,1,3,3,4,3,3,3,2,3,3,52,2,2,B
2025-04-21 13:53:11,2025-04-21 13:55:08,0,99.132.122.179,100,116,1,2025-04-21 13:55:08,R_3Fg1LGjIw6lGkJN,,,,,35.2227,-80.7938,anonymous,EN,1,4,3,4,1,3,2,2,5,7,7,7,5,5,5,5,5,5,4,4,3,3,3,1,24,2,3,A
2025-04-21 13:57:14,2025-04-21 14:03:40,0,187.190.207.196,100,385,1,2025-04-21 14:03:40,R_3rvl0uIadnMxr3N,,,,,19.3945,-99.1177,anonymous,EN,1,2,2,2,1,2,2,3,4,6,7,6,4,4,1,4,5,4,4,4,4,4,4,2,57,2,4,B
2025-04-21 14:16:00,2025-04-21 14:18:39,0,68.132.80.106,100,158,1,2025-04-21 14:18:39,R_1atRYaChOXL1DPj,,,,,40.8534,-73.4115,anonymous,EN,1,3,3,3,2,4,2,4,1,5,5,3,4,3,1,4,4,3,2,2,1,1,1,2,35,2,4,B
2025-04-21 14:42:57,2025-04-21 14:45:30,0,84.65.117.165,100,153,1,2025-04-21 14:45:31,R_8iVlMnY0eCFgrvY,,,,,51.5064,-0.02,anonymous,EN,1,5,6,6,4,4,4,4,2,6,6,4,5,5,1,5,3,6,6,4,4,4,4,2,22,1,3,A
2025-04-21 15:16:28,2025-04-21 15:28:40,0,187.190.238.182,100,732,1,2025-04-21 15:28:41,R_3uWjSZWKMI1jgYg,,,,,19.4915,-99.1935,anonymous,EN,1,2,5,4,4,3,1,4,4,6,6,4,4,4,1,4,5,6,6,6,4,4,4,2,34,2,1,A
2025-04-21 15:36:16,2025-04-21 15:41:10,0,107.188.19.221,100,294,1,2025-04-21 15:41:11,R_1iQs92UCvtjZEat,,,,,41.2278,-73.997,anonymous,EN,1,3,6,6,4,3,2,2,1,6,6,6,3,3,1,3,2,2,2,2,2,1,1,2,20,2,2,A
2025-04-21 15:46:57,2025-04-21 16:00:55,0,189.193.79.227,100,837,1,2025-04-21 16:00:55,R_7Y2MrdnTmVosVkF,,,,,20.6284,-100.4324,anonymous,EN,1,2,4,4,4,2,3,3,2,4,5,4,3,3,1,2,3,5,5,5,3,3,3,2,67,1,3,A
2025-04-21 16:34:11,2025-04-21 16:37:45,0,162.235.10.87,100,213,1,2025-04-21 16:37:45,R_3SjLinTz7icdlwX,,,,,41.5344,-81.5319,anonymous,EN,1,3,2,2,1,2,2,3,1,3,2,3,1,1,1,1,1,2,2,1,2,1,2,2,22,1,3,B
2025-04-21 16:41:14,2025-04-21 16:57:10,0,201.162.227.232,100,955,1,2025-04-21 16:57:10,R_7dZl0IunzCsV9HJ,,,,,19.4371,-99.0111,anonymous,EN,1,4,2,2,2,3,2,2,4,7,5,6,4,3,1,4,4,2,1,1,1,1,1,2,63,2,4,B
2025-04-21 17:13:13,2025-04-21 17:16:38,0,111.108.25.120,100,205,1,2025-04-21 17:16:39,R_9fV4wAgqnVoh7MZ,,,,,35.6837,139.6805,anonymous,EN,1,3,5,2,1,4,3,4,4,4,5,2,4,4,1,4,5,2,1,1,1,1,1,3,24,2,4,B
2025-04-21 17:19:40,2025-04-21 17:23:14,0,189.203.27.67,100,213,1,2025-04-21 17:23:14,R_7KCND7bJ5RGVX7G,,,,,19.5061,-99.1266,anonymous,EN,1,1,4,2,4,2,2,2,4,5,5,4,3,3,1,3,3,5,3,2,4,3,3,2,43,2,5,A
2025-04-21 17:25:20,2025-04-21 17:26:53,0,86.20.32.255,100,92,1,2025-04-21 17:26:53,R_5rlDQgI9DvPyaGl,,,,,50.8302,-0.1336,anonymous,EN,1,4,5,5,2,5,5,5,1,2,2,2,1,1,1,1,3,5,5,2,4,3,3,3,21,2,3,B
2025-04-21 17:41:56,2025-04-21 17:45:30,0,187.188.11.79,100,214,1,2025-04-21 17:45:31,R_72xZXaIdlqye8qb,,,,,19.3351,-99.0689,anonymous,EN,1,1,5,4,2,3,3,3,4,6,6,6,4,4,1,4,5,3,3,3,3,3,3,3,29,1,3,A
2025-04-21 17:40:25,2025-04-21 17:45:32,0,187.190.159.39,100,307,1,2025-04-21 17:45:33,R_7X2H6Vvygek3oUV,,,,,19.3686,-99.1374,anonymous,EN,1,3,4,5,5,4,4,4,4,6,6,6,5,5,1,5,5,6,6,6,4,4,4,2,37,1,3,A
2025-04-21 17:55:15,2025-04-21 17:57:47,0,201.137.40.218,100,151,1,2025-04-21 17:57:48,R_53xNFTQXsGnwJOe,,,,,19.3692,-99.1616,anonymous,EN,1,2,6,5,5,5,3,3,4,6,6,7,5,4,1,3,4,7,7,6,3,4,3,2,25,1,3,B
2025-04-21 19:31:26,2025-04-21 19:37:22,0,187.190.229.64,100,355,1,2025-04-21 19:37:22,R_7zZ3iApQQR9JA4Q,,,,,19.3787,-99.1622,anonymous,EN,1,3,6,6,2,4,3,4,4,6,6,3,4,3,1,2,5,7,7,5,5,5,5,2,54,2,3,A
2025-04-21 19:47:46,2025-04-21 19:54:19,0,201.141.120.253,100,392,1,2025-04-21 19:54:19,R_3tWNRDCnZ18xchH,,,,,19.3634,-99.1167,anonymous,EN,1,4,2,2,3,3,3,2,2,6,6,2,4,4,1,1,4,6,6,5,5,5,5,3,56,2,4,B
2025-04-21 19:52:10,2025-04-21 20:00:57,0,189.147.72.95,100,527,1,2025-04-21 20:00:58,R_5UNBDm5DvHvBI9b,,,,,19.3406,-99.1521,anonymous,EN,1,1,2,2,2,3,2,2,4,4,5,5,4,4,4,4,4,4,4,4,4,4,4,2,60,2,4,B
2025-04-21 20:02:07,2025-04-21 20:04:43,0,71.105.218.42,100,156,1,2025-04-21 20:04:44,R_6wrWEdUyq3dtG7L,,,,,40.8777,-73.908,anonymous,EN,1,4,3,3,3,4,2,4,3,5,5,5,4,4,1,4,4,2,2,2,2,2,2,2,21,1,2,B
2025-04-21 20:54:57,2025-04-21 20:57:06,0,174.234.229.7,100,129,1,2025-04-21 20:57:06,R_5WYeynDzdiZKjN0,,,,,42.9339,-78.8046,anonymous,EN,1,2,2,2,1,2,1,2,2,2,2,1,1,1,1,1,1,1,1,1,2,2,1,2,18,2,2,B
2025-04-21 21:04:43,2025-04-21 21:12:34,0,201.162.227.34,100,470,1,2025-04-21 21:12:34,R_79OFzboQ26q4ecN,,,,,19.4371,-99.0111,anonymous,EN,1,2,2,2,2,2,2,3,4,6,6,6,4,4,1,4,4,5,3,2,3,3,3,2,56,2,3,B
2025-04-21 22:31:33,2025-04-21 22:48:11,0,189.217.223.119,100,998,1,2025-04-21 22:48:12,R_3zgRfVqfLvwxyMh,,,,,19.5634,-99.1463,anonymous,EN,1,1,4,4,2,4,3,4,2,3,1,1,4,3,1,3,3,5,3,2,3,1,3,2,24,1,1,B
2025-04-21 22:49:05,2025-04-21 22:53:50,0,188.10.40.177,100,285,1,2025-04-21 22:53:51,R_8OHMkbOKLKyAOZW,,,,,44.5078,11.4711,anonymous,EN,1,4,5,6,4,4,3,4,5,6,6,5,5,4,1,5,4,2,3,2,4,4,3,3,21,2,3,A
2025-04-22 01:10:19,2025-04-22 01:24:29,0,189.203.105.179,100,850,1,2025-04-22 01:24:30,R_5CkOpVFh8om7P4B,,,,,19.4096,-99.0784,anonymous,EN,1,5,7,7,7,4,4,4,3,6,6,6,4,4,4,4,5,6,6,6,4,4,4,2,64 años,2,1,B
2025-04-22 02:43:55,2025-04-22 02:46:13,0,143.176.99.123,100,138,1,2025-04-22 02:46:13,R_2N5oM0OFxouVcE0,,,,,51.9009,4.4945,anonymous,EN,1,2,5,2,1,1,1,1,2,6,5,2,1,1,1,1,2,2,2,2,1,1,1,1,24,2,3,B
2025-04-22 03:30:30,2025-04-22 03:33:29,0,2.10.84.47,100,179,1,2025-04-22 03:33:29,R_87TIMYUluU63IAg,,,,,48.11,-1.6744,anonymous,EN,1,4,3,2,1,4,4,4,5,5,6,4,3,3,1,2,4,2,2,2,1,1,3,3,19,2,3,B
2025-04-22 05:05:56,2025-04-22 05:10:08,0,178.85.2.243,100,252,1,2025-04-22 05:10:09,R_2Mauc5CaQPsrvYI,,,,,52.636,4.7621,anonymous,EN,1,4,2,2,2,3,3,3,4,5,5,4,2,2,2,2,5,4,4,3,5,5,5,3,34,2,4,B
2025-04-22 05:09:50,2025-04-22 05:13:57,0,169.150.218.166,100,246,1,2025-04-22 05:13:57,R_23jbGYwxOAEm90X,,,,,52.3759,4.8975,anonymous,EN,1,3,5,2,2,4,4,3,2,3,2,5,1,2,1,2,2,5,2,2,3,2,4,1,15,3,2,A
2025-04-22 05:52:05,2025-04-22 05:53:56,0,147.161.244.102,100,110,1,2025-04-22 05:53:56,R_8F3LVNFHHLY6dl2,,,,,45.4722,9.1922,anonymous,EN,1,3,6,6,4,4,3,4,2,6,6,6,4,4,4,4,5,6,6,6,4,4,3,2,40,2,4,A
2025-04-22 05:54:31,2025-04-22 05:57:00,0,178.226.226.42,100,149,1,2025-04-22 05:57:00,R_8EMRmf2um8pCqOG,,,,,51.9357,4.4884,anonymous,EN,1,4,5,5,4,4,4,4,5,6,6,5,5,5,1,5,3,6,6,6,4,4,4,2,22,2,3,A
2025-04-22 06:36:14,2025-04-22 06:39:23,0,82.217.99.217,100,188,1,2025-04-22 06:39:23,R_8oKLFJhXlCPUUxf,,,,,52.1082,4.2868,anonymous,EN,1,4,2,1,1,2,1,2,4,6,6,6,3,3,1,3,1,1,1,1,1,1,1,2,22,2,4,B
2025-04-22 07:02:42,2025-04-22 07:08:30,0,192.141.244.207,100,348,1,2025-04-22 07:08:30,R_7UYgpH23xt93z1I,,,,,19.4455,-99.1245,anonymous,EN,1,4,6,6,5,5,4,5,5,6,6,6,4,4,1,5,5,6,6,5,3,2,4,3,35,2,3,A
2025-04-22 07:30:05,2025-04-22 07:33:10,0,88.187.187.144,100,185,1,2025-04-22 07:33:10,R_2MPMSxsFgySUQTx,,,,,46.3146,6.0707,anonymous,EN,1,4,4,4,4,4,4,4,4,4,4,4,4,4,1,4,4,4,4,4,4,4,4,2,31,1,4,A
2025-04-22 07:31:52,2025-04-22 07:34:18,0,31.151.190.11,100,145,1,2025-04-22 07:34:18,R_8GpKktJFxCh52rn,,,,,51.8299,4.3319,anonymous,EN,1,3,5,6,5,5,5,5,2,5,5,4,4,4,1,5,3,5,5,4,4,4,4,2,23,1,4,A
2025-04-22 07:31:42,2025-04-22 07:36:11,0,201.138.208.39,100,269,1,2025-04-22 07:36:12,R_3wT7qgYcOlHQHLJ,,,,,19.4192,-98.1255,anonymous,EN,1,1,6,6,6,4,4,4,5,7,7,7,5,5,4,5,5,7,7,7,5,5,5,1,47,2,3,A
2025-04-22 08:59:13,2025-04-22 09:02:48,0,109.38.227.42,100,214,1,2025-04-22 09:02:49,R_3moPSp0FCIaQz29,,,,,52.3591,4.793,anonymous,EN,1,4,4,2,2,4,2,3,4,3,3,3,4,4,2,4,4,6,6,5,3,4,3,1,38,2,4,A
2025-04-21 13:44:19,2025-04-22 10:15:35,0,189.203.105.179,100,73875,1,2025-04-22 10:15:36,R_1UKTnykVrVZQmJ3,,,,,19.4096,-99.0784,anonymous,EN,1,5,7,7,7,3,3,4,4,7,7,7,5,5,1,5,5,3,2,2,1,3,3,3,39,2,3,B
2025-04-21 13:44:51,2025-04-22 10:22:59,0,200.34.175.228,100,74287,1,2025-04-22 10:23:00,R_1WYUvIjPlTyLtCZ,,,,,19.3561,-99.1725,anonymous,EN,1,3,2,2,2,1,1,1,4,7,7,7,1,1,1,1,5,7,7,7,1,1,1,3,50,2,3,A
2025-04-22 10:29:32,2025-04-22 10:33:37,0,143.176.99.123,100,244,1,2025-04-22 10:33:37,R_8QybTzbEYyKnq0S,,,,,51.9009,4.4945,anonymous,EN,1,2,5,5,2,4,4,4,2,3,3,2,1,1,1,1,5,2,2,2,2,2,2,3,27,2,3,B
2025-04-22 10:48:20,2025-04-22 10:53:30,0,94.202.11.231,100,310,1,2025-04-22 10:53:31,R_8n9qB1HL75jAvqp,,,,,25.0734,55.2979,anonymous,EN,1,3,5,5,2,3,2,5,2,4,4,2,2,2,1,3,4,6,5,4,1,1,1,1,23,1,3,B
2025-04-22 13:37:21,2025-04-22 13:48:42,0,189.203.193.163,100,680,1,2025-04-22 13:48:43,R_1pYPP8IHC17wwL1,,,,,19.4103,-99.0972,anonymous,EN,1,1,6,6,6,4,4,4,4,7,7,7,5,4,1,4,4,6,6,6,4,4,4,2,50,1,3,B
2025-04-22 13:54:34,2025-04-22 13:57:53,0,199.107.198.193,100,198,1,2025-04-22 13:57:55,R_1f3RGvvwqrRf5SZ,,,,,34.2106,-118.8716,anonymous,EN,1,5,2,2,2,3,3,3,5,4,3,3,4,4,1,4,4,4,4,4,3,2,3,1,21,2,3,A
2025-04-22 14:30:11,2025-04-22 14:33:10,0,37.67.34.155,100,179,1,2025-04-22 14:33:11,R_8qvwhxKWmkrxUNH,,,,,44.9138,-0.6312,anonymous,EN,1,4,1,2,1,4,4,4,4,4,5,4,3,3,1,3,5,2,1,1,4,4,4,3,28,2,4,A
2025-04-22 15:53:29,2025-04-22 15:59:48,0,200.68.183.60,100,379,1,2025-04-22 15:59:49,R_51MbFsTqm34rb5w,,,,,19.4453,-99.1474,anonymous,EN,1,4,3,3,1,4,4,4,4,1,1,1,5,5,1,4,5,1,1,1,4,4,4,1,31,1,2,A
2025-04-22 22:23:08,2025-04-22 22:26:51,0,201.141.125.225,100,223,1,2025-04-22 22:26:52,R_3lVguBsgofyOtH3,,,,,19.3913,-99.1424,anonymous,EN,1,2,2,2,2,1,1,1,3,3,4,2,2,1,1,3,3,1,1,1,1,2,2,1,24,2,4,B
2025-04-23 01:54:42,2025-04-23 01:57:21,0,89.205.135.99,100,158,1,2025-04-23 01:57:21,R_2taNj4rUDw5hdWW,,,,,51.9777,5.9037,anonymous,EN,1,4,5,3,3,3,4,3,4,5,6,5,3,3,1,3,1,2,2,1,1,2,2,1,21,2,3,A
2025-04-23 03:52:47,2025-04-23 03:55:57,0,83.57.207.198,100,190,1,2025-04-23 03:55:58,R_2R6rQydKbzltf6p,,,,,28.0241,-16.6033,anonymous,EN,1,4,4,5,3,1,3,3,3,3,3,3,3,3,1,3,5,3,4,2,5,5,5,3,23,2,4,A
2025-04-23 05:58:38,2025-04-23 06:00:46,0,194.120.133.84,100,127,1,2025-04-23 06:00:47,R_8AvRMYvlrH6IsSJ,,,,,51.504,-0.3609,anonymous,EN,1,5,6,6,6,3,4,3,5,7,7,7,5,5,5,5,2,3,4,3,4,3,4,1,28,2,3,A
2025-04-23 06:46:48,2025-04-23 06:48:59,0,137.56.23.218,100,131,1,2025-04-23 06:49:00,R_8w1aHZHIbC01hta,,,,,51.5651,5.056,anonymous,EN,1,4,5,6,3,4,4,4,2,5,5,2,4,4,1,4,4,6,7,5,3,4,4,3,29,1,3,A
2025-04-23 07:08:37,2025-04-23 07:12:23,0,112.150.209.148,100,226,1,2025-04-23 07:12:24,R_47TnMIhEHypSdsW,,,,,37.3965,126.978,anonymous,EN,1,5,6,6,6,2,2,3,2,5,5,5,3,4,4,4,1,3,3,3,1,1,1,1,27,2,2,A
2025-04-23 08:45:24,2025-04-23 08:51:20,0,111.92.32.123,100,355,1,2025-04-23 08:51:21,R_4EXKE62gA7SdCAK,,,,,8.4832,76.9458,anonymous,EN,1,4,2,2,2,2,3,4,3,4,2,2,3,3,1,4,4,2,3,2,3,3,4,2,29,2,4,A
2025-04-23 13:26:58,2025-04-23 13:29:51,0,86.90.64.77,100,173,1,2025-04-23 13:29:51,R_8tJH84o0SZRDLfX,,,,,51.9235,4.4813,anonymous,EN,1,5,6,6,4,5,5,5,3,5,4,4,3,4,1,4,3,3,3,3,3,4,4,3,27,2,4,A
2025-04-23 19:06:15,2025-04-23 19:16:38,0,98.202.120.151,100,623,1,2025-04-23 19:16:39,R_1pmxwsJTMjXFFpP,,,,,40.3693,-111.7408,anonymous,EN,1,4,2,2,2,3,2,2,4,6,6,6,4,4,1,4,3,5,4,3,4,2,2,3,58,2,3,A
2025-04-24 03:45:27,2025-04-24 03:47:37,0,213.19.219.10,100,129,1,2025-04-24 03:47:37,R_24zO8i8RPEgQgft,,,,,52.3759,4.8975,anonymous,EN,1,2,2,2,2,1,1,1,2,2,2,2,1,1,1,1,2,1,1,1,1,1,1,1,24,2,3,B
2025-04-24 04:07:49,2025-04-24 04:09:59,0,91.101.43.153,100,130,1,2025-04-24 04:10:00,R_22G7euOgxsPJ3Nc,,,,,55.674,12.5696,anonymous,EN,1,5,3,5,2,5,5,5,5,6,6,6,4,4,1,4,4,2,3,3,3,3,3,3,23,2,4,A
2025-04-24 04:21:45,2025-04-24 04:23:24,0,185.76.10.144,100,99,1,2025-04-24 04:23:25,R_2Jl5TWity0r8MyB,,,,,52.3759,4.8975,anonymous,EN,1,5,7,7,7,5,5,5,3,2,2,2,1,1,1,1,4,6,6,6,3,3,3,2,24,2,4,B
2025-04-24 07:24:24,2025-04-24 07:31:37,0,217.121.187.236,100,432,1,2025-04-24 07:31:38,R_8CLoAnYAgDsfJTz,,,,,52.0375,4.6374,anonymous,EN,1,4,4,6,3,5,3,5,3,2,1,1,3,4,1,5,1,7,6,7,4,4,3,3,28,2,4,A
2025-04-20 08:22:43,2025-04-24 07:33:12,0,217.121.187.236,100,342628,1,2025-04-24 07:33:12,R_8l5RrgCLwzwlGTv,,,,,52.04,4.6384,anonymous,EN,1,3,4,3,6,2,3,3,2,3,4,3,4,2,1,3,4,6,6,6,3,4,4,2,24,4,3,A
2025-04-24 07:31:42,2025-04-24 07:35:03,0,217.121.187.236,100,200,1,2025-04-24 07:35:03,R_8emRabSpCa11G4F,,,,,52.0375,4.6374,anonymous,EN,1,5,5,5,4,5,5,5,4,6,5,4,5,5,1,4,4,3,2,2,5,5,5,2,32,2,1,B
2025-04-24 07:33:31,2025-04-24 07:41:27,0,217.121.187.236,100,475,1,2025-04-24 07:41:27,R_8zCRfGrb84WaYSp,,,,,52.0375,4.6374,anonymous,EN,1,2,5,4,3,5,5,5,3,3,2,2,4,4,1,3,1,2,2,2,5,3,3,3,36,2,4,B
2025-04-24 07:37:37,2025-04-24 07:41:38,0,217.121.187.236,100,241,1,2025-04-24 07:41:39,R_2asCLAkM6kJUfc8,,,,,52.0375,4.6374,anonymous,EN,1,3,2,5,5,2,3,4,1,5,6,6,2,2,1,4,2,5,4,5,3,4,4,1,22,1,2,A
2025-04-24 08:21:17,2025-04-24 08:23:16,0,104.28.129.0,100,118,1,2025-04-24 08:23:16,R_2HpXsYJYNv9FfVe,,,,,48.2049,16.3662,anonymous,EN,1,5,6,6,5,5,5,5,4,7,7,7,3,3,1,4,5,6,6,4,4,4,4,3,23,2,3,A
2025-04-24 17:45:24,2025-04-24 17:48:07,0,70.66.133.98,100,163,1,2025-04-24 17:48:08,R_6Y5Sgv9USyPFqn1,,,,,48.4983,-123.4005,anonymous,EN,1,5,6,5,3,4,5,5,2,7,7,6,3,2,1,3,2,2,2,3,3,4,4,1,17,1,2,B
2025-04-24 17:55:00,2025-04-24 17:57:26,0,85.255.233.85,100,146,1,2025-04-24 17:57:27,R_8BRUqnVaIE0YH2S,,,,,51.4964,-0.1224,anonymous,EN,1,5,6,6,4,4,5,5,3,6,6,6,1,1,1,2,4,2,4,3,2,2,3,2,21,1,3,B
2025-04-24 18:43:42,2025-04-24 18:45:20,0,73.219.204.196,100,98,1,2025-04-24 18:45:21,R_6g5xArFBvNxY3j4,,,,,41.4568,-72.8245,anonymous,EN,1,1,1,1,1,1,1,1,1,1,1,1,1,1,1,1,1,1,1,1,1,1,1,1,69,1,4,A
2025-04-24 20:07:40,2025-04-24 20:11:42,0,189.203.252.39,100,241,1,2025-04-24 20:11:43,R_7k1kbaVNLJGs6JE,,,,,19.536,-99.1441,anonymous,EN,1,2,2,1,1,4,4,5,4,6,4,2,5,5,1,5,1,5,4,5,2,2,3,1,24,1,3,B
2025-04-24 22:53:19,2025-04-24 22:56:19,0,103.183.193.161,100,180,1,2025-04-24 22:56:21,R_9z6oCWZIYEGaCog,,,,,14.2228,120.9802,anonymous,EN,1,5,6,6,5,4,5,5,2,5,6,4,4,3,4,4,4,5,6,5,4,4,3,3,28,1,3,B
2025-04-25 04:03:44,2025-04-25 04:06:00,0,145.90.112.10,100,136,1,2025-04-25 04:06:01,R_2OHpIe6t5FRA8j7,,,,,51.9156,4.5146,anonymous,EN,1,4,4,3,2,4,3,4,4,5,4,5,4,4,1,3,4,3,2,2,4,2,2,3,25,1,4,B
2025-04-25 06:04:44,2025-04-25 06:05:55,0,85.115.52.203,100,70,1,2025-04-25 06:05:55,R_29B9ZskH8TXTP0J,,,,,51.5081,-0.1278,anonymous,EN,1,3,2,2,2,3,3,3,2,3,3,3,2,2,1,2,4,1,1,1,1,1,1,2,23,1,3,B
2025-04-25 07:32:50,2025-04-25 07:36:59,0,194.65.17.18,100,248,1,2025-04-25 07:36:59,R_2l05Db7etwTpHIo,,,,,38.7297,-9.2507,anonymous,EN,1,5,4,4,2,2,2,3,5,5,6,5,2,2,1,2,4,2,2,3,1,1,2,2,29,2,3,B
2025-04-25 12:25:37,2025-04-25 12:29:48,0,178.26.66.150,100,250,1,2025-04-25 12:29:48,R_2ieZL93yCdVeLd7,,,,,51.0464,13.6986,anonymous,EN,1,4,4,4,1,4,4,4,2,5,4,2,4,3,1,3,5,6,6,3,4,4,5,2,23,3,2,A
2025-04-25 13:00:30,2025-04-25 13:10:42,0,138.84.54.194,100,612,1,2025-04-25 13:10:43,R_6omfEFS5aLOpEXL,,,,,19.4324,-99.1229,anonymous,EN,1,4,5,5,5,3,3,4,4,7,7,7,5,5,5,4,4,6,6,6,4,4,4,3,36,2,3,A
2025-04-25 15:35:18,2025-04-25 15:37:44,0,73.237.91.176,100,146,1,2025-04-25 15:37:45,R_6FwRfiWqawvQgyh,,,,,33.839,-83.9007,anonymous,EN,1,5,4,4,2,5,5,5,5,5,4,5,5,5,1,5,5,4,3,3,5,5,5,2,33,2,4,B
2025-04-25 20:29:44,2025-04-25 20:36:53,0,143.248.166.51,100,428,1,2025-04-25 20:36:54,R_4e2tAciRLyGPFma,,,,,36.3566,127.3849,anonymous,EN,1,5,7,4,2,3,4,3,2,2,2,1,1,1,1,1,4,7,7,2,4,4,3,1,24,1,2,B
2025-04-26 01:00:48,2025-04-26 01:03:14,0,134.0.186.116,100,146,1,2025-04-26 01:03:15,R_4b1Vp3gWWa1Naix,,,,,23.578,58.4021,anonymous,EN,1,4,5,5,3,3,3,3,5,6,6,6,4,4,1,5,5,5,5,6,3,3,3,2,22,2,3,A
2025-04-26 01:22:40,2025-04-26 01:26:58,0,111.92.47.170,100,258,1,2025-04-26 01:27:00,R_4aPURkdMRRwMiOd,,,,,8.4832,76.9458,anonymous,EN,1,4,5,6,4,2,2,4,2,6,5,6,1,1,1,4,5,6,6,6,5,4,4,2,22,2,2,B
2025-04-26 05:58:03,2025-04-26 06:00:52,0,90.144.83.228,100,169,1,2025-04-26 06:00:53,R_8nDcr6dxY698eor,,,,,58.2854,12.2816,anonymous,EN,1,4,5,6,3,5,5,5,3,3,4,2,3,4,1,3,5,2,2,1,5,5,5,2,29,2,3,A
2025-04-26 10:25:49,2025-04-26 10:28:39,0,66.26.149.53,100,169,1,2025-04-26 10:28:39,R_5P5PPJgtuAgBEJ3,,,,,35.8015,-80.8967,anonymous,EN,1,3,3,2,2,3,2,2,3,6,5,6,4,4,1,5,2,7,7,7,5,4,5,3,25,1,2,A
2025-04-26 13:12:16,2025-04-26 13:14:22,0,98.53.118.191,100,125,1,2025-04-26 13:14:22,R_7Y95firkn72MQnf,,,,,25.8696,-80.3073,anonymous,EN,1,4,3,3,2,4,2,4,2,2,2,2,2,1,1,2,5,7,6,4,2,2,2,2,24,1,3,B
2025-04-26 13:30:25,2025-04-26 13:36:55,0,86.120.128.124,100,389,1,2025-04-26 13:36:55,R_21ISYpOP7Kn4Y7v,,,,,44.3903,26.1227,anonymous,EN,1,3,4,2,1,2,1,5,5,5,6,2,5,5,1,5,3,2,4,1,4,4,4,3,20,1,2,B
2025-04-26 19:33:02,2025-04-26 19:35:46,0,173.79.70.249,100,163,1,2025-04-26 19:35:46,R_6dEojuOhSTOQTRb,,,,,38.9994,-77.0336,anonymous,EN,1,4,1,1,1,3,3,3,2,3,1,1,2,2,1,2,4,1,1,1,3,3,3,2,24,3,2,B
2025-04-26 22:00:44,2025-04-26 22:03:56,0,98.114.202.166,100,191,1,2025-04-26 22:03:56,R_3zBmW4pAeWulzdi,,,,,39.934,-75.16,anonymous,EN,1,3,1,1,1,2,2,2,2,1,1,1,2,2,1,3,2,2,2,2,1,1,1,2,30,2,2,B
2025-04-27 08:51:15,2025-04-27 08:52:40,0,88.118.122.250,100,85,1,2025-04-27 08:52:41,R_3z7V2Yw6gN5BJo5,,,,,54.6876,25.2806,anonymous,EN,1,2,4,4,4,4,4,4,2,4,4,4,3,3,1,3,3,2,2,2,4,4,4,2,26,1,3,B
2025-04-27 09:06:17,2025-04-27 09:09:38,0,93.47.231.20,100,200,1,2025-04-27 09:09:39,R_1103pPwCY9NZ2OE,,,,,43.7825,11.2516,anonymous,EN,1,4,2,3,1,2,2,1,3,5,5,4,4,3,1,4,5,5,5,3,3,2,1,3,22,2,3,B
2025-04-27 09:40:06,2025-04-27 09:42:16,0,81.111.72.254,100,129,1,2025-04-27 09:42:16,R_2sZr0aBHMPmvp9y,,,,,52.9292,-1.1065,anonymous,EN,1,5,2,2,4,5,5,5,5,2,2,2,5,5,5,5,3,2,2,2,2,2,2,3,28,2,4,A
2025-04-27 09:53:21,2025-04-27 09:58:54,0,93.47.231.20,100,332,1,2025-04-27 09:58:54,R_3pnZxXyp8yjW9Pd,,,,,43.7825,11.2516,anonymous,EN,1,4,6,6,2,2,3,3,3,6,6,4,3,3,1,3,4,6,6,2,2,2,3,2,22,2,3,B
2025-04-20 10:16:37,2025-04-20 10:18:52,0,169.150.218.129,53,135,0,2025-04-27 10:18:52,R_81bv00uBTVcqXiS,,,,,52.3759,4.8975,anonymous,EN,1,2,1,1,1,3,3,4,3,,,,,,,,,,,,,,,,,,,A
2025-04-20 10:18:35,2025-04-20 10:18:59,0,187.190.194.244,17,23,0,2025-04-27 10:19:00,R_5DRqQ3RYt6IvnZD,,,,,19.3787,-99.1622,anonymous,EN,1,3,,,,,,,,,,,,,,,,,,,,,,,,,,A
2025-04-27 10:11:41,2025-04-27 10:29:47,0,31.205.5.232,100,1086,1,2025-04-27 10:29:48,R_5P1FbiZuwiMxBiV,,,,,53.7668,-2.7217,anonymous,EN,1,3,5,5,4,4,5,4,3,6,5,5,5,4,1,4,4,5,5,5,4,4,5,3,22,1,3,A
2025-04-20 10:45:31,2025-04-20 10:46:59,0,187.188.8.81,30,87,0,2025-04-27 10:47:07,R_7QoZjBDLiFsb6St,,,,,19.3351,-99.0689,anonymous,EN,1,1,3,2,2,,,,,,,,,,,,,,,,,,,,,,,B
2025-04-20 10:51:11,2025-04-20 10:51:53,0,187.184.9.163,27,42,0,2025-04-27 10:51:55,R_5erjs8cegBS4dwr,,,,,18.9117,-99.2054,anonymous,EN,1,2,,,,,,,,,,,,,,,,,,,,,,,,,,B
2025-04-27 10:37:02,2025-04-27 11:01:14,0,175.143.232.121,100,1452,1,2025-04-27 11:01:15,R_4ettLGHJR1mWTbz,,,,,3.1071,101.6139,anonymous,EN,1,4,5,6,2,4,2,4,5,7,6,7,4,5,1,4,2,2,5,2,2,1,2,2,23,2,3,A
2025-04-27 11:03:23,2025-04-27 11:05:52,0,86.139.208.130,100,148,1,2025-04-27 11:05:52,R_7CvMN017mkqo1UT,,,,,52.8794,-1.4819,anonymous,EN,1,2,3,2,3,2,1,1,1,3,3,2,3,1,1,2,2,2,2,3,3,1,1,2,20,2,2,A
2025-04-20 11:39:57,2025-04-20 11:42:51,0,187.190.194.134,60,173,0,2025-04-27 11:42:52,R_30TZfm4oUSE2ASh,,,,,19.3787,-99.1622,anonymous,EN,1,3,6,6,5,5,4,4,5,7,6,6,5,4,4,4,,,,,,,,,,,,A
2025-04-27 12:07:58,2025-04-27 12:10:05,0,85.145.8.66,100,127,1,2025-04-27 12:10:07,R_32FmgFbLcNaHxBh,,,,,51.9617,4.5476,anonymous,EN,1,5,5,5,5,4,4,4,5,7,7,7,5,3,1,5,2,1,1,1,1,1,1,1,22,2,3,B
2025-04-27 12:29:02,2025-04-27 12:31:11,0,81.141.158.221,100,128,1,2025-04-27 12:31:11,R_5jxFdv1qz10FqGT,,,,,53.6132,-2.607,anonymous,EN,1,5,5,5,5,5,5,5,5,7,7,7,5,5,1,5,4,6,6,6,3,4,4,3,21,2,3,A
2025-04-27 12:29:24,2025-04-27 12:31:45,0,141.166.137.4,100,141,1,2025-04-27 12:31:46,R_1H8iitH67moFQ6l,,,,,37.5538,-77.4603,anonymous,EN,1,3,4,2,1,4,4,4,1,5,5,4,3,3,1,4,1,1,1,1,2,1,2,1,18,1,2,B
2025-04-20 14:01:33,2025-04-20 14:08:36,0,178.230.28.123,30,423,0,2025-04-27 14:08:40,R_6m7THXwzKm5QdDG,,,,,52.3541,4.8975,anonymous,EN,1,5,6,6,6,,,,,,,,,,,,,,,,,,,,,,,A
2025-04-27 14:15:26,2025-04-27 14:17:42,0,31.205.126.38,100,136,1,2025-04-27 14:17:43,R_6MJZ6oxIIAABANB,,,,,51.5538,-0.3102,anonymous,EN,1,4,6,4,2,4,4,5,2,2,1,1,1,2,1,1,3,4,3,2,1,1,1,3,20,1,2,A
2025-04-27 15:35:37,2025-04-27 15:38:35,0,65.131.19.238,100,178,1,2025-04-27 15:38:36,R_6qdrPmapv1VQlIU,,,,,41.6072,-109.228,anonymous,EN,1,5,2,3,1,3,1,2,3,5,6,4,4,3,1,4,4,6,7,2,4,3,4,3,23,1,2,B
2025-04-27 16:20:16,2025-04-27 16:25:38,0,86.8.23.34,100,322,1,2025-04-27 16:25:38,R_2iisQWip3fLRCud,,,,,51.4647,-0.0509,anonymous,EN,1,5,5,5,5,4,4,4,5,6,6,6,4,4,1,4,5,5,5,3,5,5,5,2,30,2,4,A
2025-04-27 18:37:01,2025-04-27 18:39:34,0,5.173.160.5,100,153,1,2025-04-27 18:39:35,R_1Rjy529iq6DRrHE,,,,,52.2378,20.9912,anonymous,EN,1,5,4,5,3,5,1,5,5,7,7,7,5,3,5,5,1,7,5,6,5,5,5,2,23,2,2,A
2025-04-27 21:09:01,2025-04-27 21:14:46,0,49.228.106.64,100,345,1,2025-04-27 21:14:47,R_9ExRSu7qQKzHbTh,,,,,13.733,100.4865,anonymous,EN,1,4,5,3,1,3,1,1,5,6,5,5,3,2,1,2,4,1,1,1,1,1,1,1,38,1,3,A
2025-04-27 22:57:34,2025-04-27 23:01:13,0,203.166.238.110,100,218,1,2025-04-27 23:01:14,R_98GrJA29VtXlhbC,,,,,-33.8653,151.1021,anonymous,EN,1,3,5,3,2,3,2,3,3,5,4,3,4,4,1,4,2,5,4,3,3,3,3,1,17,2,2,A
2025-04-27 23:44:28,2025-04-27 23:50:55,0,217.173.5.145,100,387,1,2025-04-27 23:50:56,R_3azgMazBfUsTF2F,,,,,51.6448,17.8151,anonymous,EN,1,2,3,2,1,2,2,3,1,5,3,1,3,2,1,2,1,2,2,1,1,1,1,1,20,1,2,B
2025-04-28 01:21:29,2025-04-28 01:29:57,0,49.37.11.189,100,507,1,2025-04-28 01:29:58,R_9QoKAx6e2kiFDIf,,,,,22.5643,88.3693,anonymous,EN,1,2,3,3,1,3,4,3,2,2,2,2,2,2,1,2,4,6,6,6,5,5,5,1,21,2,3,A
2025-04-28 05:36:14,2025-04-28 05:40:09,0,145.5.180.8,100,234,1,2025-04-28 05:40:09,R_8PiAdeiENFp18sM,,,,,51.9179,4.4901,anonymous,EN,1,5,6,2,2,5,4,5,4,7,6,6,4,4,1,4,4,6,5,4,4,4,4,3,22,2,3,A
2025-04-28 06:13:00,2025-04-28 06:15:37,0,217.149.131.41,100,157,1,2025-04-28 06:15:38,R_84MEbFF1LZAhTMK,,,,,51.4742,5.4833,anonymous,EN,1,5,4,4,4,4,4,4,5,5,4,4,4,4,1,4,2,4,4,4,4,4,3,2,35,2,3,A
2025-04-21 08:02:10,2025-04-21 08:03:10,0,189.203.29.136,33,60,0,2025-04-28 08:03:11,R_6YPaXsbmNzgbzTo,,,,,19.4944,-99.0915,anonymous,EN,1,3,3,3,3,4,2,2,,,,,,,,,,,,,,,,,,,,B
2025-04-21 08:44:59,2025-04-21 08:45:53,0,174.192.198.172,30,54,0,2025-04-28 08:45:55,R_78H8iPbEVkRyw4p,,,,,39.0851,-77.059,anonymous,EN,1,2,4,4,2,,,,,,,,,,,,,,,,,,,,,,,B
2025-04-28 08:40:48,2025-04-28 08:46:35,0,72.213.146.236,100,346,1,2025-04-28 08:46:35,R_5pZUEeQcuf4FdnP,,,,,36.175,-95.916,anonymous,EN,1,3,3,2,1,2,1,2,2,4,4,2,1,1,1,3,1,1,1,1,1,1,1,2,24,2,3,B
2025-04-28 09:36:21,2025-04-28 09:39:05,0,104.28.192.50,100,164,1,2025-04-28 09:39:06,R_34qijeXLcxviuG9,,,,,32.0856,-81.0964,anonymous,EN,1,3,1,1,1,1,2,2,2,4,3,2,3,2,1,2,5,4,6,2,5,5,5,1,20,1,3,A
2025-04-28 09:39:48,2025-04-28 09:42:21,0,137.128.1.1,100,152,1,2025-04-28 09:42:22,R_3ob53IbfXVeXU42,,,,,42.4886,-83.0433,anonymous,EN,1,3,2,2,2,3,3,3,5,2,2,2,4,4,1,4,4,2,2,2,2,1,2,3,41,2,4,A
2025-04-21 09:56:25,2025-04-21 09:56:45,0,223.190.83.26,7,20,0,2025-04-28 09:56:54,R_9ti1HjyvKfUfDs5,,,,,28.4597,77.0282,anonymous,EN,1,,,,,,,,,,,,,,,,,,,,,,,,,,,A
2025-04-28 11:22:27,2025-04-28 11:26:50,0,31.48.219.226,100,263,1,2025-04-28 11:26:50,R_8EmirKqEPajOqBj,,,,,52.9791,-0.0269,anonymous,EN,1,4,5,5,3,2,1,2,3,5,5,4,3,3,1,3,3,3,3,2,1,1,2,2,19,2,2,B
2025-04-21 11:33:30,2025-04-21 11:34:30,0,189.203.160.137,27,59,0,2025-04-28 11:34:30,R_55Qqu0OaB2mdtKM,,,,,18.7594,-99.2329,anonymous,EN,1,4,,,,,,,,,,,,,,,,,,,,,,,,,,B
2025-04-21 12:01:32,2025-04-21 12:02:46,0,64.106.111.100,37,74,0,2025-04-28 12:02:48,R_3Q4lbzU8radYfZZ,,,,,35.0813,-106.6212,anonymous,EN,1,3,5,3,1,3,2,3,,,,,,,,,,,,,,,,,,,,B
2025-04-21 12:13:53,2025-04-21 12:15:10,0,188.115.27.105,30,76,0,2025-04-28 12:15:15,R_3Gh8eEGPe4j5WO5,,,,,49.7498,6.1661,anonymous,EN,1,1,5,5,4,,,,,,,,,,,,,,,,,,,,,,,B
2025-04-21 13:04:46,2025-04-21 13:07:22,0,189.147.72.95,80,156,0,2025-04-28 13:07:23,R_7rpFyHXS9Dbr3OC,,,,,19.3406,-99.1521,anonymous,EN,1,1,5,5,2,4,3,3,4,6,5,4,4,4,4,4,1,,,,,,,,,,,A
2025-04-28 13:23:38,2025-04-28 13:26:56,0,80.217.65.39,100,197,1,2025-04-28 13:26:56,R_50uSIzxm3AsNfuz,,,,,59.3996,17.9484,anonymous,EN,1,5,3,2,2,1,1,3,3,4,4,3,2,2,1,3,5,3,4,1,2,1,2,2,18,2,2,B
2025-04-21 17:04:33,2025-04-21 17:08:02,0,85.203.32.10,83,208,0,2025-04-28 17:08:11,R_172rgTxe0GqOJX2,,,,,19.4324,-99.1229,anonymous,EN,1,4,2,2,2,2,3,1,3,6,6,2,3,2,1,2,4,2,2,2,,,,,,,,A
2025-04-21 17:50:13,2025-04-21 17:50:25,0,187.236.47.61,10,12,0,2025-04-28 17:50:26,R_5rGlH6KGyKQ5nKl,,,,,19.2842,-99.0614,anonymous,EN,1,,,,,,,,,,,,,,,,,,,,,,,,,,,B
2025-04-21 20:12:40,2025-04-21 20:17:04,0,200.68.186.140,27,264,0,2025-04-28 20:17:05,R_6uClpjh2jxXgOIk,,,,,19.4077,-99.1588,anonymous,EN,1,1,,,,,,,,,,,,,,,,,,,,,,,,,,A
2025-04-21 20:35:52,2025-04-21 20:36:22,0,177.238.21.173,10,30,0,2025-04-28 20:36:23,R_50JxMjt51bzJsH8,,,,,17.1053,-96.7225,anonymous,EN,1,,,,,,,,,,,,,,,,,,,,,,,,,,,B
2025-04-28 22:19:35,2025-04-28 22:22:57,0,24.237.159.152,100,201,1,2025-04-28 22:22:57,R_6ccBeKzXS1UnCCt,,,,,61.1498,-149.8257,anonymous,EN,1,4,3,3,1,3,3,3,3,5,4,2,2,2,1,3,3,5,5,5,3,2,2,1,33,2,4,A
2025-04-22 00:00:04,2025-04-22 00:00:14,0,187.168.142.58,10,10,0,2025-04-29 00:00:15,R_1feC40b5rgHakMU,,,,,19.3239,-99.1754,anonymous,EN,1,,,,,,,,,,,,,,,,,,,,,,,,,,,A
2025-04-22 05:53:07,2025-04-22 05:54:47,0,102.88.108.92,33,99,0,2025-04-29 05:54:49,R_85ZwQU7pjqr5OgA,,,,,6.4474,3.3903,anonymous,EN,1,3,6,7,6,4,5,5,,,,,,,,,,,,,,,,,,,,B
2025-04-22 06:07:49,2025-04-22 06:09:17,0,31.161.189.244,57,88,0,2025-04-29 06:09:20,R_2PhUlHAdT5tdsC3,,,,,51.9168,4.4553,anonymous,EN,1,4,4,4,4,3,4,4,5,6,6,6,,,,,,,,,,,,,,,,A
2025-04-29 13:17:27,2025-04-29 13:24:18,0,200.68.173.220,100,410,1,2025-04-29 13:24:18,R_3pG1yKjY5pHVZQ2,,,,,19.4453,-99.1474,anonymous,EN,1,1,2,4,2,3,3,3,3,4,4,4,3,3,3,3,2,3,3,3,1,2,2,2,62,2,3,A
2025-04-22 13:48:44,2025-04-22 13:49:00,0,189.203.193.163,10,16,0,2025-04-29 13:49:05,R_1lnNhFpUcu3tVTH,,,,,19.4103,-99.0972,anonymous,EN,1,,,,,,,,,,,,,,,,,,,,,,,,,,,A
2025-04-22 16:37:23,2025-04-22 16:42:10,0,189.203.174.215,63,287,0,2025-04-29 16:42:18,R_1FyqEwLkF0tWae4,,,,,19.3634,-99.1167,anonymous,EN,1,2,5,5,5,4,2,2,2,7,6,7,4,4,3,3,,,,,,,,,,,,B
2025-04-22 17:37:39,2025-04-22 17:37:59,0,46.110.147.176,27,19,0,2025-04-29 17:38:00,R_6Jzg4STpPtIxADT,,,,,35.5891,-77.345,anonymous,EN,1,3,,,,,,,,,,,,,,,,,,,,,,,,,,B
2025-04-23 07:03:56,2025-04-23 07:04:47,0,112.150.209.148,27,51,0,2025-04-30 07:04:51,R_4rPMO8pUmKnG5hp,,,,,37.3965,126.978,anonymous,EN,1,5,,,,,,,,,,,,,,,,,,,,,,,,,,B
2025-04-23 15:01:58,2025-04-23 15:02:17,0,109.145.56.253,7,19,0,2025-04-30 15:02:19,R_58GwjxCMRewD7ZX,,,,,51.3005,1.1233,anonymous,EN,1,,,,,,,,,,,,,,,,,,,,,,,,,,,A
2025-04-23 20:15:03,2025-04-23 20:15:45,0,70.29.170.6,30,41,0,2025-04-30 20:15:47,R_7hzj9CWilcGuJpX,,,,,45.4978,-73.5485,anonymous,EN,1,1,5,5,5,,,,,,,,,,,,,,,,,,,,,,,B
2025-04-24 05:41:30,2025-04-24 05:41:36,0,94.254.128.21,10,6,0,2025-05-01 05:41:40,R_215U2HQ87YIOcB9,,,,,52.2299,21.0093,anonymous,EN,1,,,,,,,,,,,,,,,,,,,,,,,,,,,A
2025-05-01 12:22:57,2025-05-01 12:25:57,0,172.226.96.32,100,180,1,2025-05-01 12:25:58,R_1CsZT71LbtnfeMx,,,,,52.3759,4.8975,anonymous,EN,1,5,6,6,6,4,4,4,5,6,7,6,5,5,1,4,2,5,6,5,4,4,3,3,24,2,3,A
2025-04-24 12:29:21,2025-04-24 12:29:42,0,146.163.40.99,27,20,0,2025-05-01 12:29:50,R_3PZyHnFuAuqiHiV,,,,,38.8081,-89.9558,anonymous,EN,1,1,,,,,,,,,,,,,,,,,,,,,,,,,,A
2025-05-01 20:32:29,2025-05-01 20:35:06,0,189.147.226.237,100,156,1,2025-05-01 20:35:06,R_7GoBeI4iyG5fiic,,,,,19.536,-99.1441,anonymous,EN,1,4,5,3,2,4,4,4,3,5,5,3,2,2,1,2,4,5,5,3,2,2,3,2,22,2,3,A
2025-04-25 02:02:02,2025-04-25 02:06:24,0,14.100.97.93,30,262,0,2025-05-02 02:06:29,R_98C0iOfO53SCzki,,,,,1.3236,103.7909,anonymous,EN,1,4,6,4,2,,,,,,,,,,,,,,,,,,,,,,,A
2025-04-25 07:20:59,2025-04-25 07:21:24,0,80.113.232.29,10,24,0,2025-05-02 07:21:32,R_2n9gcw1xPJ5ZxOo,,,,,52.3882,4.8844,anonymous,EN,1,,,,,,,,,,,,,,,,,,,,,,,,,,,A
